0,Sound,mus_zz_megalovania,0
0,SansAnimation
0,SansHead,ClosedEyes
0,SansText,its a beautiful day            outside,
0,SansText,birds are singing,
0,SansText,flowers are blooming,
0,SansText,on days like these,
0,SansText,kids like you,
0,Sound,Flash,
0,BlackScreen,1
0,SansHead,NoEyes
0,HeartMode,0
0,HeartTeleport,320,300
1.5,BlackScreen,0
0,CombatZoneResizeInstant,25,165,615,387
0,Sound,Flash,
2.5,SansText,SHOULD BE BURNING IN        THE DEPTHS OF ROBLOX,
0.125,Sound,Ding,
0,SansHead,BlueEye
0,SET,j,0
0,JMPE,36,$j,1
0,SET,i,0
0,JMPE,34,$i,32
0,RND,blasterY,25
0,ADD,blasterY,$blasterY,100
0,GetHeartPos,heartX,heartY
0,RND,blasterX,400
0,SUB,blasterX,$blasterX,200
0,ADD,blasterX,$blasterX,$heartX
0,ANGLE,blasterAngle,$blasterX,$blasterY,$heartX,$heartY
0,GasterBlaster,1,320,-150,$blasterX,$blasterY,$blasterAngle,0,0.125
0,ADD,i,$i,1
0.03125,JMPABS,23
0,ADD,j,$j,1
0.25,JMPABS,21
0,SansSlamDamage,1
0,HeartMaxFallSpeed,1024
0.25,SansBody,HandDown
0.125,SansSlam,1
0.125,BoneStab,1,55,0.375,10.5
0.125,SansBody,HandUp
0.25,SansBody,HandUp
0.125,SansSlam,3
0.125,BoneStab,3,55,0.375,10.5
0.125,SansBody,HandDown
0.125,Sound,Ding,
0,SansTorso,Default
0,HeartMode,0
0.375,SineBones,180,32,600,85
0,Sound,GasterBlaster,
0,SansBody,HandLeft
0,SET,j,0
0,JMPE,68,$j,10
0,SET,i,0
0,JMPE,66,$i,12
0,RND,blasterY,25
0,ADD,blasterY,$blasterY,100
0,GetHeartPos,heartX,heartY
0,RND,blasterX,400
0,SUB,blasterX,$blasterX,200
0,ADD,blasterX,$blasterX,$heartX
0,ANGLE,blasterAngle,$blasterX,$blasterY,$heartX,$heartY
0,GasterBlaster,1,320,-150,$blasterX,$blasterY,$blasterAngle,0.0625,0.125
0,ADD,i,$i,1
0.03125,JMPABS,55
0,ADD,j,$j,1
0.625,JMPABS,53
0.625,CombatZoneResize,209,165,431,387
0,Sound,BoneStab,
0,SansTorso,Default
0.625,SET,j,0
0,JMPE,115,$j,4
0,RND,random,4
0,JMPE,81,$random,1
0,JMPE,85,$random,2
0,JMPE,89,$random,3
0,SansSlam,0
0,SansBody,HandRight
0,BoneStab,0,30,0.75,0.25
0,JMPABS,92
0,SansSlam,1
0,SansBody,HandDown
0,BoneStab,1,30,0.75,0.25
0,JMPABS,92
0,SansSlam,2
0,SansBody,HandLeft
0,BoneStab,2,30,0.75,0.25
0,JMPABS,92
0,SansSlam,3
0,SansBody,HandUp
0,BoneStab,3,30,0.75,0.25
0.125,SET,i,0
0,JMPE,103,$i,4
0,RND,blasterY,422
0,ADD,blasterY,$blasterY,65
0,RND,blasterX,422
0,ADD,blasterX,$blasterX,109
0,GetHeartPos,heartX,heartY
0,ANGLE,blasterAngle,$blasterX,$blasterY,$heartX,$heartY
0,GasterBlaster,0,320,-150,$blasterX,$blasterY,$blasterAngle,0.25,0
0,ADD,i,$i,1
0.03125,JMPABS,93
0.25,JMPE,108,$random,1
0,JMPE,110,$random,2
0,JMPE,112,$random,3
0,SansBody,HandLeft
0,JMPABS,113
0,SansBody,HandUp
0,JMPABS,113
0,SansBody,HandRight
0,JMPABS,113
0,SansBody,HandDown
0,ADD,j,$j,1
0.75,JMPABS,72
0.25,SansTorso,Default
0,Sound,Ding,
0,HeartMode,0
0,BoneStab,0,96,1,0.75
0,BoneStab,1,96,1,0.75
0,BoneStab,2,96,1,0.75
0,BoneStab,3,96,1,0.75
1.25,SET,j,0
0,JMPE,138,$j,2
0,SET,i,0
0,JMPE,136,$i,4
0,RND,blasterY,25
0,ADD,blasterY,$blasterY,100
0,GetHeartPos,heartX,heartY
0,RND,blasterX,400
0,SUB,blasterX,$blasterX,200
0,ADD,blasterX,$blasterX,$heartX
0,ANGLE,blasterAngle,$blasterX,$blasterY,$heartX,$heartY
0,GasterBlaster,1,320,-150,$blasterX,$blasterY,$blasterAngle,0.375,0.375
0,ADD,i,$i,1
0.03125,JMPABS,125
0,ADD,j,$j,1
0.875,JMPABS,123
0.375,SansSweat,1
0,SansHead,Default
4,SansText,you might be wondering,
0,SansText,why are the attacks           harder this time?,
0,SansHead,LookLeft
0,SansText,um,
0,SansHead,Wink
0,SansTorso,Shrug
0,SansText,i dont even know,
0,SansTorso,Default
0,SansHead,Default
0,SansAnimation,Idle
0,Sound,mus_zz_megalovania,1

0,EndAttack


