0,CombatZoneResizeInstant,232,213,408,389
0,HeartTeleport,320,300
0,HeartMode,0
0.25,SET,i,0
0,JMPE,51,$i,8
0,RND,rng1,4
0,RND,rng2,40
0,ADD,length1,50,$rng2
0,SUB,length2,95,$rng2
0,Sound,Flash,
0,BlackScreen,1
0,JMPE,24,$rng1,1
0,JMPE,33,$rng1,2
0,JMPE,42,$rng1,3
0,HeartTeleport,394,375
0,SansSlam,0
0.25,BlackScreen,0
0,Sound,Flash,
0,Bonestab,1,$length1,0.75,0.125
0,Bonestab,3,$length2,0.75,0.125
0,Bonestab,0,70,0.75,0.125
0,ADD,i,$i,1
1,JMPABS,5
0,HeartTeleport,246,375
0,SansSlam,1
0.25,BlackScreen,0
0,Sound,Flash,
0,Bonestab,2,$length1,0.75,0.125
0,Bonestab,0,$length2,0.75,0.125
0,Bonestab,1,70,0.75,0.125
0,ADD,i,$i,1
1,JMPABS,5
0,HeartTeleport,246,227
0,SansSlam,3
0.25,BlackScreen,0
0,Sound,Flash,
0,Bonestab,2,$length1,0.75,0.125
0,Bonestab,0,$length2,0.75,0.125
0,Bonestab,3,70,0.75,0.125
0,ADD,i,$i,1
1,JMPABS,5
0,HeartTeleport,394,227
0,SansSlam,0
0.25,BlackScreen,0
0,Sound,Flash,
0,Bonestab,3,$length1,0.75,0.125
0,Bonestab,1,$length2,0.75,0.125
0,Bonestab,0,70,0.75,0.125
0,ADD,i,$i,1
1,JMPABS,5
0.25,BlackScreen,0
0,SansTorso,Default
0,SansAnimation,Idle
0,Sound,Flash,
0,Sound,Ding,
0,HeartMode,0
0.25,EndAttack