0,CombatZoneResizeInstant,225,215,415,387
0,HeartTeleport,320,300
0,HeartMode,0
0.25,SET,j,0
0,Sound,Flash,
0,BlackScreen,1
0.25,BlackScreen,0
0,Sound,Flash,
0,JMPE,181,$j,4
0,RND,lvl,4
0,JMPE,73,$lvl,1
0,JMPE,118,$lvl,2
0,JMPE,157,$lvl,3
0,CombatZoneResizeInstant,225,215,415,387
0,HeartTeleport,320,300
0,HeartMode,0
0.25,SET,i,0
0,RND,random,4
0,JMPE,71,$i,4
0,JMPE,35,$random,1
0,JMPE,47,$random,2
0,JMPE,59,$random,3
0,Sound,Flash,
0,BlackScreen,1
0,HeartTeleport,320,300,350,300
0,SansSlam,0
0.25,BlackScreen,0
0,Sound,Flash,
0,BoneH,230,488,145,3,380
0,BoneH,390,488,20,3,380
0,BoneH,230,113,145,1,380
0,BoneH,390,113,20,1,380
0,ADD,i,$i,1
0.625,JMPABS,18
0,Sound,Flash,
0,BlackScreen,1
0,HeartTeleport,320,300,350,300
0,SansSlam,1
0.25,BlackScreen,0
0,Sound,Flash,
0,BoneV,128,220,132,0,380
0,BoneV,128,366,20,0,380
0,BoneV,503,220,132,2,380
0,BoneV,503,366,20,2,380
0,ADD,i,$i,1
0.625,JMPABS,18
0,Sound,Flash,
0,BlackScreen,1
0,HeartTeleport,320,300,350,300
0,SansSlam,2
0.25,BlackScreen,0
0,Sound,Flash,
0,BoneH,265,488,145,3,380
0,BoneH,230,488,20,3,380
0,BoneH,265,113,145,1,380
0,BoneH,230,113,20,1,380
0,ADD,i,$i,1
0.625,JMPABS,18
0,Sound,Flash,
0,BlackScreen,1
0,HeartTeleport,320,300,350,300
0,SansSlam,3
0.25,BlackScreen,0
0,Sound,Flash,
0,BoneV,128,255,132,0,380
0,BoneV,128,220,20,0,380
0,BoneV,503,255,132,2,380
0,BoneV,503,220,20,2,380
0,ADD,i,$i,1
0.625,JMPABS,18
0.25,ADD,j,$j,1
0,JMPABS,5
0,CombatZoneResizeInstant,232,213,408,389
0,HeartTeleport,320,300
0,HeartMode,0
0.25,SET,i,0
0,JMPE,113,$i,4
0,RND,rng1,4
0,RND,rng2,40
0,ADD,length1,30,$rng2
0,SUB,length2,115,$rng2
0,JMPE,92,$rng1,1
0,JMPE,99,$rng1,2
0,JMPE,106,$rng1,3
0,SansBody,HandRight
0.125,SansSlam,0
0.25,Bonestab,0,$length1,0.5,0.125
0,Bonestab,2,$length2,0.5,0.125
0.375,SansBody,HandLeft
0,ADD,i,$i,1
0.25,JMPABS,77
0,SansBody,HandDown
0.125,SansSlam,1
0.25,Bonestab,1,$length1,0.5,0.125
0,Bonestab,3,$length2,0.5,0.125
0.375,SansBody,HandUp
0,ADD,i,$i,1
0.25,JMPABS,77
0,SansBody,HandLeft
0.125,SansSlam,2
0.25,Bonestab,2,$length1,0.5,0.125
0,Bonestab,0,$length2,0.5,0.125
0.375,SansBody,HandRight
0,ADD,i,$i,1
0.25,JMPABS,77
0,SansBody,HandUp
0.125,SansSlam,3
0.25,Bonestab,3,$length1,0.5,0.125
0,Bonestab,1,$length2,0.5,0.125
0.375,SansBody,HandDown
0,ADD,i,$i,1
0.25,JMPABS,77
0,SansTorso,Default
0,SansAnimation,Idle
0.125,Sound,Ding,
0.125,ADD,j,$j,1
0,JMPABS,5
0,CombatZoneResizeInstant,225,215,415,387
0,HeartTeleport,320,300
0,HeartMode,0
0.25,SET,i,0
0,JMPE,138,$i,4
0,MOD,randomBlaster,$i,4
0,JMPNE,133,$randomBlaster,0
0,RND,blasterY,25
0,ADD,blasterY,$blasterY,100
0,GetHeartPos,heartX,heartY
0,RND,blasterX,400
0,SUB,blasterX,$blasterX,200
0,ADD,blasterX,$blasterX,$heartX
0,ANGLE,blasterAngle,$blasterX,$blasterY,$heartX,$heartY
0,GasterBlaster,1,320,-150,$blasterX,$blasterY,$blasterAngle,1,0.125
0,Sound,Bonestab,
0,BoneV,220,220,81,0,150
0,BoneV,420,301,81,2,150
0,ADD,i,$i,1
0.5,JMPABS,122
1,SET,i,0
0,JMPE,155,$i,4
0,MOD,randomBlaster,$i,4
0,JMPNE,150,$randomBlaster,0
0,RND,blasterY,25
0,ADD,blasterY,$blasterY,100
0,GetHeartPos,heartX,heartY
0,RND,blasterX,400
0,SUB,blasterX,$blasterX,200
0,ADD,blasterX,$blasterX,$heartX
0,ANGLE,blasterAngle,$blasterX,$blasterY,$heartX,$heartY
0,GasterBlaster,1,320,-150,$blasterX,$blasterY,$blasterAngle,1,0.125
0,Sound,Bonestab,
0,BoneV,220,301,81,0,150
0,BoneV,420,220,81,2,150
0,ADD,i,$i,1
0.5,JMPABS,139
0.25,ADD,j,$j,1
0,JMPABS,5
0,CombatZoneResizeInstant,232,213,408,389
0,HeartTeleport,320,350
0,HeartMode,0
0,platform,335,300,35,0,128,1
0.25,SET,i,0
0,JMPE,175,$i,2
0,GasterBlaster,0,-100,300,150,300,0,0.625,0.125
0,SansBody,HandDown
0.125,SansSlam,1
0.25,Bonestab,1,50,0.375,0.125
0.125,SansBody,HandUp
0.375,GasterBlaster,0,700,300,450,300,180,0.625,0.125
0,SansBody,HandUp
0.125,SansSlam,3
0.25,Bonestab,3,50,0.375,0.125
0.125,SansBody,HandDown
0,ADD,i,$i,1
0.125,JMPABS,162
0.125,SansTorso,Default
0,SansAnimation,Idle
0.25,Sound,Ding,
0,HeartMode,0
0.25,ADD,j,$j,1
0,JMPABS,5
0,CombatZoneResizeInstant,225,215,415,387
0,HeartTeleport,320,300
0,HeartMode,0
0.25,EndAttack