0,HeartMaxFallSpeed,1024
0,SansText,alright,
0,SansText,survive this next attack,
0,SansHead,LookLeft
0,SansText,and ill show you my            SPECIAL attack,
0,SansHead,Wink
0,SansTorso,Shrug
0,SansText,for real this time,
0,SansTorso,Default
0,SansHead,BlueEye
0,Sound,Ding,
0.25,Sound,Flash,
0,BlackScreen,1
0.125,BlackScreen,0
0,JMPABS,127
0,CombatZoneResizeInstant,254,235,386,367
0,HeartTeleport,320,300
0,HeartMode,0
0,SansSlamDamage,1
0.25,SET,i,0
0,JMPE,50,$i,8
0,RND,rng,4
0,JMPE,32,$rng,1
0,JMPE,38,$rng,2
0,JMPE,44,$rng,3
0,SansBody,HandRight
0,SansSlam,0
0.25,Bonestab,0,20,0.125,0
0,SansBody,HandLeft
0,ADD,i,$i,1
0.25,JMPABS,21
0,SansBody,HandDown
0,SansSlam,1
0.25,Bonestab,1,20,0.125,0
0,SansBody,HandUp
0,ADD,i,$i,1
0.25,JMPABS,21
0,SansBody,HandLeft
0,SansSlam,2
0.25,Bonestab,2,20,0.125,0
0,SansBody,HandRight
0,ADD,i,$i,1
0.25,JMPABS,21
0,SansBody,HandUp
0,SansSlam,3
0.25,Bonestab,3,20,0.125,0
0,SansBody,HandDown
0,ADD,i,$i,1
0.25,JMPABS,21
0,SansBody,HandLeft
0.125,SansSlam,2
0.25,BoneStab,2,60,0.375,0.25
0.5,SansTorso,Default
0,SansAnimation,Idle
0,Sound,Ding,
0,HeartMode,0
0.125,Sound,Flash,
0,BlackScreen,1
0,SansRepeat
0.125,BlackScreen,0
0,Sound,Flash
0,CombatZoneResizeInstant,25,-30,615,387
0,HeartTeleport,320,-25
0,SansSlam,1
0,BoneHRepeat,31,-64,145,1,96,5,192
0,BoneHRepeat,176,564,145,3,96,5,192
0,BoneHRepeat,321,-64,145,1,96,5,192
0,BoneHRepeat,466,564,145,3,96,5,192
0.5,Bonestab,1,60,0.5,0.125
0.75,Sound,Ding,
0,HeartMode,0
0.375,SET,j,0
0,JMPE,88,$j,8
0,SET,i,0
0,JMPE,86,$i,2
0,RND,blasterY,400
0,ADD,blasterY,$blasterY,50
0,GetHeartPos,heartX,heartY
0,RND,blasterX,560
0,SUB,blasterX,$blasterX,280
0,ADD,blasterX,$blasterX,320
0,ANGLE,blasterAngle,$blasterX,$blasterY,$heartX,$heartY
0,GasterBlaster,1,320,-150,$blasterX,$blasterY,$blasterAngle,0.25,0.25
0,ADD,i,$i,1
0.0625,JMPABS,75
0,ADD,j,$j,1
1.25,JMPABS,73
0,SET,i,0
0,SET,d,-40
0,JMPE,97,$i,16
0,RND,ang,11
0,ADD,ang,$ang,175
0,GasterBlaster,1,640,$d,480,$d,$ang,0,0
0,ADD,d,$d,16
0,ADD,i,$i,1
0.0625,JMPABS,90
0.25,SansSlam,2
0,GetHeartPos,HeartX,HeartY
0,SUB,HeartX,$HeartX,31
0,JMPL,103,$HeartX,1
0,SUB,HeartX,$HeartX,1
0.0010625,JMPABS,100
0,Bonestab,2,60,0.375,0.125
0,SET,i,0
0,SET,d,540
0,JMPE,113,$i,24
0,RND,ang,11
0,ADD,ang,$ang,175
0,GasterBlaster,1,640,$d,480,$d,$ang,0,0
0,SUB,d,$d,16
0,ADD,i,$i,1
0.0625,JMPABS,106
0,Platform,-30,280,96,0,96
0,Platform,1064,280,96,2,96
0.5,SansSlam,1
0,BoneVRepeat,-35,268,114,0,128,6,133
0,BoneVRepeat,-35,201,53,0,128,6,133
0,BoneVRepeat,645,268,114,2,128,6,133
0,BoneVRepeat,645,201,53,2,128,6,133
0,SET,i,0
0,JMPE,127,$i,36
0,RND,ang,11
0,SUB,ang,$ang,5
0,GasterBlaster,1,-100,340,-20,350,$ang,0,0
0,ADD,i,$i,1
0.25,JMPABS,121
0,CombatZoneResizeInstant,25,-30,615,387
0,HeartTeleport,320,300
0.5,CombatZoneResize,25,-30,615,515
0,HeartMaxFallSpeed,750
0,SansSlam,3
0.25,HeartMaxFallSpeed,-256
0,SET,i,0
0,SET,iposter,0
0,SET,fallSpeed,-256
0,SET,wallDist,295
0,SET,BoneSpeed,272
0,SET,boneWait,8
0,SET,attackInterval,24
0,JMPE,209,$i,512
0,MOD,boneWaitCheck,$i,80
0,JMPNE,145,$boneWaitCheck,0
0,JMPE,145,$boneWait,0
0,SUB,boneWait,$boneWait,1
0,JMPG,148,$fallSpeed,-1
0,ADD,fallSpeed,$fallSpeed,8
0,HeartMaxFallSpeed,$fallSpeed
0,JMPL,153,$wallDist,65
0,SUB,wallDist,$wallDist,0.5
0,SUB,leftWallX,320,$wallDist
0,ADD,rightWallX,320,$wallDist
0,CombatZoneResize,$leftWallX,-30,$rightWallX,515
0,MOD,bone,$i,$boneWait
0,JMPNE,164,$bone,0
0,RND,boneRNG,2
0,SET,BoneX,320
0,SUB,BoneX,$BoneX,$wallDist
0,RND,BoneX,$BoneX
0,JMPE,162,$boneRNG,0
0,ADD,BoneX,$BoneX,320
0,ADD,BoneX,$BoneX,$wallDist
0,BoneH,$BoneX,-8,32,1,$BoneSpeed
0,ADD,BoneSpeed,$BoneSpeed,12
0,MOD,speedUp,$i,32
0,JMPNE,169,$speedUp,0
0,MOD,iposter,$iposter,$attackInterval
0,SUB,temp,$iposter,1
0,MUL,iposter,$iposter,$temp
0,MOD,attack,$iposter,$attackInterval
0,JMPNE,206,$attack,0
0,RND,rng,3
0,JMPE,182,$rng,1
0,JMPE,190,$rng,2
0,JMPE,5,$rng,3
0,JMPE,5,$rng,4
0,JMPE,5,$rng,5
0,JMPE,5,$rng,6
0,JMPE,5,$rng,7
0,GetHeartPos,HeartX,HeartY
0,GasterBlaster,0,$HeartX,-64,$HeartX,64,90,0.125,0
0,JMPABS,206
0,GetHeartPos,HeartX,HeartY
0,MUL,BoneSpeedScaled,$BoneSpeed,0.375
0,BoneV,$HeartX,-8,24,1,$BoneSpeedScaled
0,SUB,HeartX,$HeartX,30
0,BoneV,$HeartX,-8,24,1,$BoneSpeedScaled
0,ADD,HeartX,$HeartX,60
0,BoneV,$HeartX,-8,24,1,$BoneSpeedScaled
0,JMPABS,206
0,DIV,specSpeed,$BoneSpeed,3.5
0,SUB,BoneStart,320,$wallDist
0,ADD,BoneStart,$BoneStart,6
0,ADD,BoneEnd,320,$wallDist
0,SUB,BoneEnd,$BoneEnd,6
0,SUB,gapStart,$BoneEnd,$BoneStart
0,SUB,gapStart,$gapStart,79
0,RND,gapStart,$gapStart
0,ADD,gapStart,$gapStart,$BoneStart
0,ADD,gapStart,$gapStart,40
0,SUB,boneLen1,$gapStart,$BoneStart
0,ADD,boneStart2,$gapStart,40
0,SUB,boneLen2,$BoneEnd,$boneStart2
0,BoneH,$BoneStart,-8,$boneLen1,1,$specSpeed
0,BoneH,$boneStart2,-8,$boneLen2,1,$specSpeed
0,JMPABS,206
0,ADD,i,$i,1
0,ADD,iposter,$iposter,1
0.0625,JMPABS,140
0.25,CombatZoneResizeInstant,$leftWallX,235,$rightWallX,515
0,HeartMaxFallSpeed,2048
0,SansSlam,3
0.125,Bonestab,3,60,0.375,0.25