0.25,JMPABS,17
0,HeartMaxFallSpeed,1024
0,SansText,alright,
0,SansText,survive this next attack,
0,SansHead,LookLeft
0,SansText,and ill show you my            SPECIAL attack,
0,SansHead,Wink
0,SansTorso,Shrug
0,SansText,but that is if you            survive,
0,SansTorso,Default
0,SansHead,BlueEye
0,Sound,Ding,
0.25,Sound,Flash,
0,BlackScreen,1
0.125,BlackScreen,0
0,Sound,Flash,
0,CombatZoneResizeInstant,254,235,386,367
0,HeartTeleport,320,300
0,HeartMode,0
0,SansSlamDamage,1
0.25,SET,i,0
0,JMPE,51,$i,8
0,RND,rng,4
0,JMPE,33,$rng,1
0,JMPE,39,$rng,2
0,JMPE,45,$rng,3
0,SansBody,HandRight
0,SansSlam,0
0.25,Bonestab,0,10,0.0625,0
0,SansBody,HandLeft
0,ADD,i,$i,1
0.15625,JMPABS,22
0,SansBody,HandDown
0,SansSlam,1
0.25,Bonestab,1,10,0.0625,0
0,SansBody,HandUp
0,ADD,i,$i,1
0.15625,JMPABS,22
0,SansBody,HandLeft
0,SansSlam,2
0.25,Bonestab,2,10,0.0625,0
0,SansBody,HandRight
0,ADD,i,$i,1
0.15625,JMPABS,22
0,SansBody,HandUp
0,SansSlam,3
0.25,Bonestab,3,10,0.0625,0
0,SansBody,HandDown
0,ADD,i,$i,1
0.15625,JMPABS,22
0,SansBody,HandLeft
0.125,SansSlam,2
0.25,BoneStab,0.5,BoneStab,2,60,0.375,0.375
0.5,SansTorso,Default
0,SansAnimation,Idle
0,Sound,Ding,
0,HeartMode,0
0.25,Sound,Flash,
0,BlackScreen,1
0.125,BlackScreen,0
0,Sound,Flash
0,CombatZoneResizeInstant,25,-30,615,387
